{"cameraMode":{"drawMode":0,"name":"Shaded","section":"Shading Mode"},"sceneLighting":true,"audioPlay":false,"sceneViewState":{"showFog":true,"showMaterialUpdate":false,"showSkybox":true,"showFlares":true,"showImageEffects":true,"showParticleSystems":true},"in2DMode":false,"pivot":{"x":6.540534973144531,"y":0.6186034083366394,"z":3.67763614654541},"rotation":{"x":-0.10783319175243378,"y":0.8536737561225891,"z":-0.19566288590431214,"w":-0.4704723060131073},"size":0.5275439023971558,"orthographic":false}